{"cameraMode":{"drawMode":0,"name":"Shaded","section":"Shading Mode"},"sceneLighting":true,"audioPlay":false,"sceneViewState":{"showFog":true,"showMaterialUpdate":true,"showSkybox":true,"showFlares":true,"showImageEffects":true,"showParticleSystems":true},"in2DMode":false,"pivot":{"x":-0.42159292101860049,"y":-1.5410066843032838,"z":0.3216285705566406},"rotation":{"x":-0.0647643432021141,"y":0.0023924659471958877,"z":-0.00015357040683738887,"w":-0.997900128364563},"size":10.821785926818848,"orthographic":false}