{"cameraMode":{"drawMode":0,"name":"Shaded","section":"Shading Mode"},"sceneLighting":true,"audioPlay":false,"sceneViewState":{"showFog":true,"showMaterialUpdate":true,"showSkybox":true,"showFlares":true,"showImageEffects":true,"showParticleSystems":true},"in2DMode":false,"pivot":{"x":1.513433814048767,"y":-0.15427231788635255,"z":0.48383331298828127},"rotation":{"x":-0.06775568425655365,"y":-0.008083811029791832,"z":0.0005507033783942461,"w":-0.9976716041564941},"size":17.4304256439209,"orthographic":false}