{"cameraMode":{"drawMode":0,"name":"Shaded","section":"Shading Mode"},"sceneLighting":true,"audioPlay":false,"sceneViewState":{"showFog":true,"showMaterialUpdate":true,"showSkybox":true,"showFlares":true,"showImageEffects":true,"showParticleSystems":true},"in2DMode":false,"pivot":{"x":-0.18478822708129884,"y":0.3456181585788727,"z":0.4471702575683594},"rotation":{"x":0.004190253093838692,"y":-0.003602591808885336,"z":-0.000013398546798271127,"w":-0.9999872446060181},"size":11.126856803894043,"orthographic":false}